CRI_LATITUDE,CRI_LONGITUDE,CRI_HORARIO,CRI_ENDERECO
-3.72927166419176,-38.5139894485473,8,"R. Mombaça"
-3.72277302658427,-38.5338592529297,2,"R. Sen. Alencar"
-3.73362904339613,-38.517894744873,23,"R. Fiuza de Pontes"
-3.79176104107407,-38.4840989112854,20,"R. Angra dos Reis"
-3.74762175852194,-38.5120689868927,22,"R. Joaquim Sá"
-3.74127314040469,-38.5283660888672,1,"R. Carlos Gomes"
-3.74328586074425,-38.5855293273926,21,"R. Pedro Melo"
-3.75510514633626,-38.4481143951416,16,"R. Cel. Francisco Montenegro"
-3.73456047054448,-38.4929233789444,1,"R. Sen. Virgílio Távora"
-3.72506414976899,-38.5048162937164,14,"Av. Ruy Barbosa"
-3.74568398957733,-38.5125517845154,20,"R. Cel. Alves Teixeira"
-3.78947009303042,-38.4810841083527,10,"R. Mário Lanza"
-3.79985424814842,-38.5493516921997,23,"Travessa Aracapé"
-3.73223725386194,-38.546884059906,14,"Av. Bezerra de Menezes"
-3.75091381470407,-38.4975153207779,21,"Av. Des. Colombo Sousa"
-3.76108431639614,-38.5570442676544,13,"R. Oscar Bezerra"
-3.74401386483439,-38.5003638267517,20,"Av. Des. Moreira"
-3.81338557812851,-38.4949028491974,13,"Av. Des. Moreira"
-3.77348681492628,-38.4821945428848,21,"Av. Washington Soares"
-3.79507969336,-38.4864592552185,19,"R. Hermínio de Castro"
-3.738361111305,-38.5598230361938,19,"R. Pedro de Queirós"
-3.72285867615638,-38.4820175170898,7,"Travessa Caetano"
-3.72906824792705,-38.4931218624115,16,"R. Silva Jatahy"
-3.7442386895046,-38.557687997818,20,"R. Dom José Lourenço"
-3.73585590206157,-38.4793567657471,13,"R. Valdetário Mota"
-3.75124034317803,-38.5249274969101,23,"R. Juvenal de Carvalho"
-3.75930181072043,-38.5519051551819,12,"R. Vasco da Gama"
-3.77484642204674,-38.5924601554871,13,"Travessa Moreira Leite"
-3.83173389247587,-38.589563369751,12,"R. Hercules de Miranda"
-3.79600034947728,-38.5013294219971,13,"Av. Des. Gonzaga"
-3.75943027971982,-38.5618185997009,23,"R. Mil Cento e Trinta e Nove"
-3.77431114390686,-38.572268486023,14,"R. Guilherme Perdigão"
-3.74913128826126,-38.5589218139649,13,"R. Prof. Lino Encarnação"
-3.77206297211746,-38.5623121261597,14,"R. Caio Prado"
-3.73247278763048,-38.5722470283508,18,"R. Frei Odílon"
-3.80160990739147,-38.5366594791412,15,"R. Prof. Odílio Filho"
-3.74908846475848,-38.4898066520691,20,"Av. Padre Antônio Thomás"
-3.72536392245477,-38.5449314117432,8,"Travessa Joel Monteiro"
-3.77600262170276,-38.5997772216797,11,"R. Antônio Nelis"
-3.75870228847302,-38.5258769989014,4,"R. Prof. Guilhon"
-3.75870228847302,-38.5258769989014,4,"R. Prof. Guilhon"
-3.83500957119398,-38.4854292869568,0,"R. H"
-3.73985995102043,-38.5426998138428,6,"R. Caio Carlos"
-3.73840393533242,-38.5655307769775,15,"R. Moreira de Sousa"
-3.83280437709735,-38.5102772712708,16,"R. Francisco Alves Ribeiro"
-3.73692650517781,-38.5565400123596,18,"R. Azevedo Bolão"
-3.75551196672631,-38.5322284698486,11,"R. Gen. Silva Júnior"
-3.73350057060846,-38.5211777687073,16,"R. Dona Leopoldina"
-3.7170987238818,-38.5637497901917,18,"R. Eng. João Nogueira"
-3.72718396871158,-38.4745931625366,23,"R. Pesc. Chico Binda"
-3.8336018872694,-38.4840023517609,19,"R. I"
-3.73108099626405,-38.5224437713623,2,"Av. Dom Manoel"
-3.73519212747349,-38.4725332260132,16,"R. Sólon Onofre"
-3.80477864917088,-38.4872853755951,21,"Av. Eng. Agro. José G Duque"
-3.81302160526462,-38.5613036155701,1,"R. Friézio Barroso"
-3.75577961161637,-38.4874248504639,19,"Av. Washington Soares"
-3.76486878332507,-38.4776401519775,10,"R. Salinas"
-3.75557620150741,-38.5209202766418,12,"R. João Lobo Fiho"
-3.74627816780384,-38.525447845459,21,"R. Juvenal de Carvalho"
-3.79916911186472,-38.5707664489746,20,"Av. Godofredo Maciel"
-3.7406950177502,-38.5507464408874,20,"R. Frei Marcelino"
-3.74129455234753,-38.5383224487305,17,"Av. João Pessoa"
-3.73431423127951,-38.5045051574707,16,"R. José Vilar"
-3.73632696759366,-38.5452318191528,19,"R. Carvalho Mota"
-3.73581307790975,-38.5449528694153,18,"R. Padre Guerra"
-3.74225808923378,-38.5358762741089,15,"R. Padre Miguelino"
-3.74208679386478,-38.536069393158,15,"R. Padre Miguelino"
-3.72559945806481,-38.5303831100464,11,"R. São Paulo"
-3.72352246005791,-38.5951852798462,23,"R. Antônio Arruda"
-3.74337150831567,-38.5390841960907,19,"R. Paulino Nogueira"
-3.71810511230907,-38.5627841949463,23,"R. Assis Bezerra"
-3.75063546246602,-38.5213226079941,1,"R. Bonfim Sobrinho"
-3.76641040021709,-38.5688781738281,20,"R. Goiás"
-3.79575412758856,-38.4784662723541,16,"R. Tab. Joaquim Coelho"
-3.75805994275061,-38.5449743270874,20,"R. Diacuí"
-3.75997627275606,-38.548675775528,21,"R. Euzébio de Queirós"
-3.75583314058453,-38.48313331604,20,"Av. Sebastião de Abreu"
-3.74546987119863,-38.4958148002624,2,"R. Beni Carvalho"
-3.74940964097829,-38.4896993637085,20,"Av. Eng. Santana Júnior"
-3.7501483458361,-38.5311126708984,11,"R. Mário Mamede"
-3.74362845097971,-38.5004281997681,13,"R. Gen. Tertuliano Potiguara"
-3.74080207752981,-38.537335395813,9,"R. Confúcio Pamplona"
-3.73416434647572,-38.4866094589233,8,"R. Pereira Leite"
-3.71305174606176,-38.5488367080689,4,"Travessa Deusimar"
-3.72782633707956,-38.5492014884949,10,"R. Henrique Autran"
-3.75296398326433,-38.5296964645386,17,"R. Min. Joaquim Bastos"
-3.83310411255126,-38.4770393371582,20,"R. Dr. Pergentino Maia"
-3.82513967768086,-38.4877467155456,21,"R. Capanema"
-3.73365045552558,-38.5728693008423,23,"R. Ten. Marques"
-3.73420717070799,-38.5659599304199,9,"R. Tab. Fabião"
-3.79784165876692,-38.5502958297729,0,"R. José Pedra"
-3.78627988424648,-38.5993480682373,2,"R. Waldemar Paes Bragança"
-3.71146721000882,-38.4663105010986,16,"R. Murilo Borges"
-3.72943225594645,-38.5916233062744,22,"R. João Tinoco"
-3.79662125653704,-38.5164785385132,9,"R. Guadalajara"
-3.7983555118212,-38.5888338088989,17,"Travessa João Ramalho"
-3.75116540222758,-38.5208129882813,5,"Av. Visc. do Rio Branco"
-3.78679374417397,-38.5092687606812,15,"Av. José Leon"
-3.75065152125139,-38.5079169273377,12,"R. Tibúrcio Cavalcante"
-3.71303033343135,-38.5834050178528,17,"R. Belém de Figueiredo"
-3.7481677589412,-38.5057067871094,19,"R. Joaquim Nabuco"
-3.7272482055695,-38.4905362129211,12,"R. Júlio de Carvalho"
-3.83473124603913,-38.4992265701294,14,"R. Angélica Gurgel"
-3.71598527151773,-38.5761308670044,11,"R. Graça Aranha"
-3.78422444148697,-38.5046982765198,0,"R. Reino Unido"
-3.78137678877198,-38.5485148429871,18,"R. Guerra Junqueiro"
-3.73461400081033,-38.5112428665161,19,"R. Pinto Madeira"
-3.73187324700452,-38.5030460357666,19,"R. José Vilar"
-3.7751889998831,-38.5697793960571,20,"R. Santa Júlia"
-3.74075925361954,-38.4938192367554,21,"R. Prof. Dias da Rocha"
-3.71347999856093,-38.5661745071411,15,"R. Eng. Lima Verde"
-3.76467608102161,-38.5527849197388,21,"R. Euzébio de Queirós"
-3.79587188589192,-38.4728980064392,23,"R. Tab. Joaquim Coelho"
-3.83323257057077,-38.5719037055969,3,"R. Chico Mendes do Pantanal"
-3.83237618340952,-38.5703372955322,4,"R. Amaral Peixoto"
-3.77011455186206,-38.590292930603,13,"R. Prof. Heribaldo Costa"
-3.76232082720091,-38.5472917556763,15,"R. Alberto Magno"
-3.84438693494073,-38.5271430015564,15,"R. Iracema"
-3.77488924428367,-38.5636425018311,7,"R. Gomes Brasil"
-3.80032527902783,-38.6034250259399,16,"R. Waldemar Paes Bragança"
-3.74328586074425,-38.5592222213745,17,"R. Pedro de Queirós"
-3.783646347332,-38.5218858718872,20,"R. Nova Esperança"
-3.8237266250486,-38.5877180099487,22,"R. B"
-3.72487143870278,-38.485643863678,22,"R. da Paz"
-3.83415318581256,-38.501136302948,23,"R. Santa Efigênia"
-3.72198076764714,-38.584520816803,2,"R. Carnaubal"
-3.78336800556423,-38.5677409172058,1,"Travessa Anne Débora"
-3.8310059621681,-38.5693073272705,6,"R. Planaltina"
-3.73726909789906,-38.474485874176,10,"R. Sólon Onofre"
-3.72945366817819,-38.5417556762695,0,"R. Cariré"
-3.74632634439912,-38.5418200492859,15,"R. Padre Wassen"
-3.74925975875706,-38.5071015357971,15,"R. Tibúrcio Cavalcante"
-3.76820894980651,-38.5345458984375,17,"R. Lineu Juca"
-3.75082281494369,-38.5237741470337,18,"Av. Aguanambi"
-3.83122005938174,-38.4928965568543,15,"R. Dr. Pergentino Maia"
-3.74848893549918,-38.596601486206,23,"R. Daniel de Castro"
-3.74647622712302,-38.5645008087158,3,"R. Chile"
-3.81574069293406,-38.494827747345,18,"R. Elisiário Mendes"
-3.74292185847222,-38.4826827049255,6,"R. Júlio Azevedo"
-3.72688419664596,-38.57102394104,23,"R. Padre Alzir Sampaio"
-3.78724337136031,-38.5499310493469,7,"R. Américo Vespúcio"
-3.70812682739688,-38.5567545890808,10,"R. São Raimundo"
-3.76514713102141,-38.5495018959045,11,"Av. Prof. Gomes de Matos"
-3.71380118779897,-38.5752081871033,0,"R. Graça Aranha"
-3.7539060956628,-38.5682773590088,19,"R. Uruguaiana"
-3.79874090141113,-38.6025452613831,19,"R. Maria Júlia Rocha"
-3.76673157005927,-38.5388374328613,19,"R. Alm. Rufino"
-3.69448680086032,-38.5855293273926,23,"Travessa Carlos Chagas"
-3.72921813360035,-38.5595870018005,6,"R. Haroldo Torres"
-3.76542547862877,-38.5476136207581,12,"R. Queirós Ribeiro"
-3.70607120105386,-38.5696935653686,4,"Vila Paulino Mendonça"
-3.83477406529962,-38.5013508796692,9,"R. Guarujá"
-3.74242938456927,-38.4953856468201,11,"R. Sen. Virgílio Távora"
-3.72106003339244,-38.5712814331055,2,"R. Sílvio Romero"
-3.79754191101066,-38.4918880462646,11,"R. Botelho Magalhães"
-3.78807839265809,-38.5507464408874,11,"R. Ofir"
-3.77510335543669,-38.5712170600891,20,"R. Iguape"
-3.74517010538043,-38.5923743247986,11,"R. Ten. Queirós"
-3.71362988688655,-38.5507464408874,13,"R. Pedro Artur"
-3.72005364833893,-38.5218214988709,17,"R. Gérson Gradvol"
-3.82085769284317,-38.5088610649109,18,"Av. Cap. Waldemar Paula Lima"
-3.84455821003261,-38.5253190994263,21,"Travessa José Linhares"
-3.71290185763798,-38.4652161598206,22,"R. Murilo Borges"
-3.72804045976462,-38.5773539543152,23,"R. Augusta Andrade"
-3.74266491560088,-38.5561752319336,16,"R. Dom Lino"
-3.74928117050453,-38.4899353981018,21,"R. Isabel Bezerra"
-3.73604861071891,-38.484377861023,17,"R. Prof. Silva Ribeiro"
-3.73253702410184,-38.5273468494415,14,"R. da Assunção"
-3.74093054924808,-38.4734344482422,20,"R. Juiz Renato Silva"
-3.79856961717018,-38.4894526004791,13,"R. Maximino Linhares"
-3.79967225887613,-38.4895813465118,10,"R. Visc. Barbacena"
-3.73146641563245,-38.4815669059753,18,"Av. Antônio Justa"
-3.72851152948821,-38.5532999038696,14,"R. Penaforte"
-3.79036934438796,-38.5415410995483,8,"R. Caramuru"
-3.76309163824329,-38.5837912559509,8,"R. Noel Rosa"
-3.76456902416794,-38.5102558135986,19,"R. Alecrim"
-3.72337257341422,-38.4890556335449,19,"Av. Pres. John Kennedy"
-3.72225912897654,-38.5511541366577,6,"R. Mário Studart"
-3.78377481273311,-38.5044622421265,21,"R. do Marfim"
-3.8192519430177,-38.5974812507629,20,"R. Tulipa Negra"
-3.73041721806662,-38.4954929351807,14,"R. Canuto de Aguiar"
-3.80719801849459,-38.5847139358521,12,"Travessa Waldir Diogo"
-3.7443992785194,-38.4961366653442,20,"R. Sen. Virgílio Távora"
-3.72906824792705,-38.6039185523987,21,"R. dos Amores"
-3.76257776429081,-38.5756802558899,18,"R. Prof. Edgard Arruda"
-3.7210814458279,-38.5165643692017,18,"R. Itapipoca"
-3.71091048045046,-38.5576558113098,23,"R. Lucas Pinto"
-3.81963732324984,-38.5572052001953,19,"Av. Expedicionários"
-3.70804117639466,-38.5557675361633,18,"R. Santa Elisa"
-3.75249292668402,-38.519868850708,9,"R. José Euclydes"
-3.80003623738232,-38.5346961021423,9,"R. Itarema"
-3.73315797641613,-38.4758484363556,18,"R. Paschoal de Castro Alves"
-3.83685079685823,-38.5386657714844,11,"R. Oscarito"
-3.7541416236036,-38.4994518756866,17,"R. Vicente Leite"
-3.79832339601428,-38.4934008121491,9,"R. Manoel Ribeiro"
-3.78542345035624,-38.5231733322143,14,"R. João Fonseca"
-3.78687938746556,-38.5256195068359,2,"R. B"
-3.7406521938347,-38.5396528244019,21,"Av. João Pessoa"
-3.80096759344884,-38.4940874576569,19,"Av. Viena Weyne"
-3.74991281681878,-38.5076379776001,0,"R. Tibúrcio Cavalcante"
-3.71735567422774,-38.5831475257874,2,"R. Antonieta Clotilde"
-3.72356528480858,-38.5650587081909,5,"R. Dr. Atualpa"
-3.72823317013659,-38.5472917556763,7,"R. Henrique Autran"
-3.7224732530162,-38.518431186676,11,"R. Sen. Almino"
-3.80512121515183,-38.5848641395569,11,"R. Padre Rodolfo"
-3.75566184787485,-38.5442876815796,12,"R. Samuel Uchôa"
-3.77334764242379,-38.4743356704712,21,"R. Octávio Rocha"
-3.72371517141946,-38.5621190071106,9,"R. Maj. Veríssimo"
-3.78550909378338,-38.5786843299866,12,"R. Costa Freire"
-3.72951790487028,-38.5113072395325,12,"R. Pereira Filgueiras"
-3.74097337314998,-38.4775543212891,14,"R. Pereira de Miranda"
-3.82931459229728,-38.5149550437927,15,"R. Quinhentos E Sete"
-3.75296398326433,-38.4969842433929,19,"R. Santa Esmeralda"
-3.75297468909274,-38.4969627857208,16,"R. Edmundo B Oliveira"
-3.74652440370739,-38.4901177883148,12,"R. Gen. Tertuliano Potiguara"
-3.73006926961766,-38.4847372770309,14,"R. Cel. Manoel Jesuíno"
-3.83323257057077,-38.5102128982544,11,"R. Francisco Alves Ribeiro"
-3.73446411605772,-38.4933042526245,7,"R. Cel. Linhares"
-3.72191653040479,-38.5194611549378,21,"R. Dragão do Mar"
-3.73647685202811,-38.4531784057617,7,"Av. Zezé Diogo"
-3.74885293545563,-38.503475189209,20,"R. Visc. de Mauá"
-3.73459258870437,-38.4928107261658,19,"Av. Dom Luiz"
-3.79740274237416,-38.4979605674744,22,"R. Ulysses Bezerra"
-3.72344751673926,-38.5207056999207,16,"R. Franco Rabelo"
-3.74875658254073,-38.5023164749145,23,"Av. Des. Moreira"
-3.75583314058453,-38.4837341308594,21,"Av. Sebastião de Abreu"
-3.74427080730993,-38.472318649292,22,"Av. Santos Dumont"
-3.76061861706683,-38.5858619213104,15,"Av. Sen. Fernandes Távora"
-3.78765017670859,-38.5770535469055,8,"R. Leblom Maia"
-3.74153008368424,-38.4972524642944,18,"R. Carolina Sucupira"
-3.73529918792489,-38.5574090480805,3,"R. Gustavo Sampaio"
-3.82357675569339,-38.484935760498,13,"Av. Mem de Sá"
-3.81184404494338,-38.5263061523438,5,"R. Dr. Pedro Sampaio"
-3.77356175395683,-38.5129165649414,11,"Av. Raul Barbosa"
-3.81801016109264,-38.5307693481445,21,"R. Dez"
-3.81956238821827,-38.4936851263046,19,"R. Nicolau Coelho"
-3.76516854237898,-38.5508322715759,19,"R. Alberto Magno"
-3.73654108820646,-38.5677409172058,2,"Av. Bezerra de Menezes"
-3.74649763893863,-38.4952354431152,22,"R. Prof. Dias da Rocha"
-3.72358669718312,-38.5280013084412,9,"R. Barão de Rio Branco"
-3.69444397470072,-38.5822033882141,17,"R. Lídia Petri Gonçalves"
-3.77225567278449,-38.6104846000671,18,"Av. B"
-3.77653789879985,-38.5174441337586,18,"Viela Dr. Pedro Rocha"
-3.7138868382427,-38.5791993141174,3,"R. Gen. Mário Hermes"
-3.7510797554192,-38.5390090942383,8,"R. Antônio Mendes"
-3.69523625831869,-38.5810661315918,12,"R. Taperoaba"
-3.69932614357596,-38.5855722427368,13,"R. Ceci"
-3.71765544953671,-38.5507035255432,21,"Av. Ten. Lisboa"
-3.77349752050246,-38.5761094093323,3,"R. Des. Gomes Parente"
-3.78747889026946,-38.5389018058777,8,"R. Bruno Valente"
-3.75187198807644,-38.5300827026367,10,"R. Padre Leopoldo Fernandes"
-3.7695150370588,-38.5725259780884,15,"R. Matias Albuquerque"
-3.76146436968739,-38.5804224014282,15,"R. Jockey Clube"
-3.73617708313361,-38.5999274253845,0,"R. Ten. Lira"
-3.75955874870029,-38.5939407348633,21,"R. Porto Alegre"
-3.7525571616872,-38.5918378829956,23,"R. Roraima"
-3.74669034525548,-38.4794640541077,21,"Av. Padre Antônio Tomás"
-3.79321161485083,-38.4767657518387,15,"R. Marcelino Lopes"
-3.72785845548565,-38.4888732433319,11,"R. Frei Mansueto"
-3.72084590900924,-38.520770072937,20,"R. Boris"
-3.78615141921694,-38.5216283798218,3,"R. Pedro Dantas"
-3.77786538457609,-38.5750579833984,9,"R. Lígia"
-3.74589810790365,-38.4971451759338,16,"R. Cel. Linhares"
-3.74705434596042,-38.527979850769,16,"R. Dr. José Victor"
-3.7100753854551,-38.5961079597473,17,"R. Trinta e Três"
-3.79071191608774,-38.5368418693542,6,"R. Licânia"
-3.75609007958601,-38.5175943374634,11,"R. Monsenhor Salazar"
-3.77056418769322,-38.4724903106689,12,"R. Corvina"
-3.76720261894673,-38.5701656341553,12,"R. Minas Gerais"
-3.73105958407196,-38.5742211341858,16,"R. Des. Guimarães"
-3.71756979945883,-38.5716998577118,20,"R. Coelho Neto"
-3.77876464798038,-38.6072015762329,21,"R. Sousa Carvalho"
-3.82483993943838,-38.4906220436096,21,"R. Bartolomeu Dias"
-3.79884795404444,-38.4824895858765,22,"R. da Zina"
-3.84524331005609,-38.5031747817993,4,"R. Prof. José Milton"
-3.76073638013911,-38.5973525047302,9,"R. Santa Lúcia"
-3.72941084371418,-38.5526776313782,12,"R. Mozart Pinto"
-3.72125274529283,-38.5292887687683,0,"R. Gen. Sampaio"
-3.78238310320653,-38.5907649993896,15,"R. Primeiro de Maio"
-3.80450031421107,-38.5702085494995,18,"R. Gastão Justa"
-3.75679666145003,-38.5954213142395,18,"R. Prof. Vieira"
-3.76077920307055,-38.4807515144348,19,"R. Prof. Isaías Gomes"
-3.75364915601854,-38.569028377533,5,"R. Piauí"
-3.78266144529066,-38.55877161026,13,"R. Bogotá"
-3.73063134012058,-38.5582566261292,20,"R. Ipê"
-3.8244117417673,-38.5174870491028,21,"R. Cinco"
-3.80163131784799,-38.5906362533569,18,"R. Cmte. Garcia"
-3.75880934604742,-38.5758519172668,19,"R. Ribeiro Leitão"
-3.70615685224688,-38.5759377479553,19,"R. Estevão de Campos"
-3.73985995102043,-38.5979104042053,11,"R. São Vicente de Paula"
-3.75364915601854,-38.5974812507629,14,"R. Barão de Cotegipe"
-3.81676837737149,-38.4972095489502,15,"Av. Frei Cirilo"
-3.73547048461994,-38.5807013511658,19,"R. Euclydes da Cunha"
-3.75949451421242,-38.5247397422791,20,"R. Prof. Guilhon"
-3.81225083869124,-38.5895848274231,21,"Av. de Contorno Norte"
-3.71600668407645,-38.5825896263123,23,"R. Amor Perfeito"
-3.75996556701354,-38.567419052124,3,"R. Rio Grande do Sul"
-3.73780439875815,-38.4642934799194,12,"R. Dr. Miranda Leão"
-3.78899905623194,-38.4848284721375,20,"Av. Edilson Brasil Soares"
-3.78394609990496,-38.5448455810547,20,"R. Azevedo Montauri"
-3.74756822905072,-38.4667181968689,23,"R. Dr. Gilberto Studart"
-3.7703928978802,-38.6079096794128,3,"R. Cento e Quarenta e Cinco"
-3.78951291454483,-38.5403180122376,14,"R. Licânia"
-3.75092987348434,-38.4560537338257,15,"Av. Trajano Medeiros"
-3.82113602250733,-38.5065650939941,16,"R. Francisco Igor"
-3.7856589697605,-38.5712814331055,19,"R. Nereu Ramos"
-3.76876564297354,-38.6049056053162,20,"Av. Min. Albuquerque Lima"
-3.75054446267665,-38.5055351257324,20,"R. Oswaldo Cruz"
-3.74223667731448,-38.5315418243408,20,"R. Floriano Peixoto"
-3.80137439233472,-38.5346531867981,21,"R. Um"
-3.77737293041215,-38.5929751396179,22,"Travessa Luzia Moreira"
-3.72784774935042,-38.5790705680847,23,"R. Raimundo Bizarria"
-3.74955952317384,-38.5655307769775,19,"R. Prudente de Morais"
-3.71307315869164,-38.5946488380432,20,"Av. C"
-3.7129446829045,-38.5525488853455,4,"R. Rio Negro"
-3.7281475210876,-38.4664177894592,11,"Vila do Sol"
-3.78043470611496,-38.6162567138672,12,"R. Pato Branco"
-3.7655753580728,-38.5430216789246,14,"R. Theodorico Barroso"
-3.72365093430364,-38.5796070098877,16,"Travessa Solimões"
-3.72491426338781,-38.4753656387329,17,"R. do Alto Bonito"
-3.82689528528109,-38.5182595252991,19,"R. F"
-3.77949262243441,-38.5512399673462,21,"R. Antônio Simões"
-3.80400787521576,-38.492317199707,2,"R. Carlos Braga"
-3.84888289469612,-38.5219502449036,1,"R. Balvo Oliveira"
-3.83083468435862,-38.569929599762,2,"Av. Paraíso"
-3.74885293545563,-38.5306406021118,9,"R. Monsenhor Liberato"
-3.84059746473393,-38.557870388031,11,"R. Oitenta e Sete"
-3.79338825281971,-38.5991978645325,11,"R. Raimundo Pinheiro"
-3.73424999493817,-38.5191607475281,12,"Av. Heráclito Graca"
-3.76313446105898,-38.5080456733704,14,"R. Siqueira Campos"
-3.75482679543382,-38.5695862770081,18,"R. Piauí"
-3.78959855756731,-38.4992694854736,21,"R. Gisele"
-3.70333035849926,-38.5741996765137,11,"R. Daniel Bruno"
-3.76167848414468,-38.5449314117432,11,"R. Queirós Ribeiro"
-3.75773876971201,-38.5905075073242,0,"Av. Sen. Fernandes Távora"
-3.74364986286497,-38.5186886787415,20,"R. João Cordeiro"
-3.76724544156021,-38.5950136184692,5,"Travessa Beira Rio"
-3.78762876590555,-38.5388159751892,6,"R. Anita Garibaldi"
-3.71377977518672,-38.5953569412231,7,"Av. C"
-3.76176412991287,-38.5322713851929,8,"R. Alberto Montezuma"
-3.70814824014613,-38.5591149330139,10,"R. Ns. das Graças"
-3.72204500488482,-38.584520816803,12,"R. Carnaubal"
-3.76184977567265,-38.5479354858398,13,"R. Alberto Magno"
-3.72296573810984,-38.5984897613525,15,"Travessa Arthur Borges"
-3.76581088286126,-38.5865592956543,19,"R. Cuiabá"
-3.8328257867761,-38.5696077346802,19,"R. Oscar Romero"
-3.7139939012857,-38.602888584137,19,"R. Beta"
-3.75482679543382,-38.5130882263184,20,"R. Cap. Melo"
-3.78221181572572,-38.5670328140259,22,"R. Cap. Américo Menezes"
-3.75355280363246,-38.5271537303925,11,NULL
-3.74998775787664,-38.5309624671936,12,"R. Mário Mamede"
-3.73268690918341,-38.4731769561768,13,"R. José Carlos Gurgel Nogueira"
-3.72975343936779,-38.4829616546631,15,"R. Jaime Vasconcelos"
-3.82929318253065,-38.5071015357971,18,"R. Taquatiara"
-3.7466046980088,-38.5223150253296,19,"R. Pedro Teles"
-3.82603889177917,-38.4888625144959,20,"R. Eudes Cardoso"
-3.72193794281943,-38.5881686210632,8,"R. Pierre Luz"
-3.78760735510198,-38.5389018058777,15,"R. Bruno Valente"
-3.81432762482526,-38.573727607727,18,"R. Ns. da Conceição"
-3.72686278435165,-38.5701656341553,19,"R. Santa Sofia"
-3.70420828555413,-38.5773324966431,3,"R. Araquém"
-3.7587879345336,-38.5805296897888,8,"R. Antônio Ivo"
-3.75174351796461,-38.5226798057556,10,"R. João Lobo Fiho"
-3.76328434089731,-38.5111570358276,7,"Travessa Campo Verde"
-3.74836046489014,-38.5273146629334,9,"R. Carolino de Aquino"
-3.75688230769771,-38.5461974143982,10,"R. Afrodísio Gondim"
-3.74940964097829,-38.597846031189,16,"Av. da Liberdade"
-3.83117723994329,-38.5637283325195,7,"R. Dezenove de Março"
-3.75619713748097,-38.542013168335,13,"R. André Chaves"
-3.80608468124287,-38.5166501998901,13,"R. J"
-3.83736462656804,-38.5558104515076,19,"R. Noventa e Um"
-3.72508556210708,-38.5617756843567,20,"R. Maj. Veríssimo"
-3.77219143923357,-38.5747146606445,20,"R. Aluísio Azevedo"
-3.76165707270133,-38.5302543640137,22,"R. Tertuliano Sales"
-3.72427189289363,-38.5588145256042,22,"R. Dr. Almeida Filho"
-3.78854942995781,-38.5360050201416,6,"R. Betsaída"
-3.76514713102141,-38.5405111312866,10,"R. Tianguá"
-3.73459258870437,-38.5795426368713,14,"R. Balduíno Freire"
-3.73088828651645,-38.5552310943604,16,"R. do Canal"
-3.75844535024082,-38.5457468032837,17,"R. Edite Braga"
-3.80854686746702,-38.6090040206909,17,"R. José Maurício"
-3.70324470703266,-38.5753154754639,20,"R. São Jorge"
-3.83423882438931,-38.5257267951965,4,"R. Duzentos e Seis"
-3.82227075020349,-38.5558104515076,6,"R. Dois"
-3.80146003418099,-38.6023092269897,12,"R. Maranguape"
-3.71240936692351,-38.5842418670654,13,"R. Astrogildo Fontoura"
-3.72643453835597,-38.5343742370605,14,"R. Liberato Barroso"
-3.7466046980088,-38.5560035705566,14,"Av. Francisca Clotilde"
-3.76409797385541,-38.5345888137817,17,"R. Armando Monteiro"
-3.7673096754765,-38.5412192344666,20,"R. Tianguá"
-3.82498980857272,-38.516263961792,21,"R. Cinco"
-3.74977364055145,-38.5249757766724,23,"R. Guilherme Moreira"
-3.75206469320878,-38.5241603851318,18,"R. José Euclydes"
-3.71960398656051,-38.5112857818604,21,"R. João Cordeiro"
-3.75540490874731,-38.5684704780579,0,"R. Espírito Santo"
-3.77450384407523,-38.5746288299561,2,"R. Bem-te-vi"
-3.71009679815714,-38.574800491333,10,"R. Prof. Ari de Sá Cavalcante"
-3.81404929295415,-38.4812235832214,10,"R. Dr. Esmerino Parente"
-3.83085609408668,-38.4784340858459,10,"R. Prof. José Henrique"
-3.75872369998895,-38.48060131073,20,"R. Prof. Isaías Gomes"
-3.78101280241221,-38.607759475708,20,"R. José Torres"
-3.84087578797718,-38.5150194168091,23,"R. Domingos Alves Ribeiro"
-3.78632270591875,-38.5482358932495,3,"R. Vila Rica"
-3.75816700040385,-38.5670757293701,10,"R. Rio Grande do Norte"
-3.71223806574107,-38.5652732849121,11,"R. Teodoro Cabral"
-3.74448492598194,-38.5245680809021,12,"R. Sousa Girão"
-3.82387649437761,-38.5434937477112,13,"R. Michele"
-3.75981568660442,-38.5646295547485,13,"R. Rio Grande do Norte"
-3.75112257882444,-38.5278725624085,15,"R. Monteiro Lobato"
-3.79178245177483,-38.5421419143677,17,"R. Caramuru"
-3.70971136944088,-38.5596299171448,6,"R. Vicente Sabóia"
-3.76155001547662,-38.5620760917664,7,"R. Rio Grande do Norte"
-3.77964249945205,-38.6084246635437,8,"R. Londrina"
-3.84117552059917,-38.5169291496277,9,"R. Jaborandi"
-3.73921759145616,-38.5966229438782,18,"R. São Vicente de Paula"
-3.77452525520241,-38.5570120811462,18,"R. Júlio Verne"
-3.77024301926612,-38.5801863670349,21,"R. Monsenhor Vicente Martins"
-3.74761105262797,-38.5159206390381,21,"R. Padre Chevalier"
-3.82843679142669,-38.5535788536072,12,"R. Trinta e Seis"
-3.78004930836934,-38.6067509651184,15,"R. Londrina"
-3.70330894563338,-38.574070930481,17,"R. Daniel Bruno"
-3.83503098081753,-38.5618615150452,18,"R. Miguel Pereira"
-3.79103307693304,-38.5640072822571,19,"R. Itália"
-3.70624250343162,-38.5709166526794,6,"R. Trinta de Março"
-3.72452884114756,-38.5424637794495,15,"R. Carneiro da Cunha"
-3.81997988331092,-38.5936617851257,15,"R. Iná Brito"
-3.71288044500392,-38.5905504226685,16,"R. Trajano de Aguiar"
-3.83627273806533,-38.5208773612976,18,"R. Trezentos E Três"
-3.75527643915518,-38.5476136207581,20,"R. Padre Macedo"
-3.80634160535179,-38.5854005813599,10,"Travessa Rejane"
-3.83847792321219,-38.591730594635,12,"Av. Contorno Norte"
-3.72487143870278,-38.5342025756836,12,"R. Guilherme Rocha"
-3.79495122963772,-38.5793280601502,15,"R. Bulgária"
-3.79263887937004,-38.463671207428,15,"R. Augusto Jaime Benevides"
-3.7471399931631,-38.5591793060303,20,"R. Xavier de Oliveira"
-3.83931289474287,-38.5696291923523,21,"Av. Francisca Maria da Conceição"
-3.7909260233312,-38.5817956924439,21,"R. Arruda Cãmara"
-3.77195591617287,-38.5514545440674,0,"R. Equador"
-3.78925598542655,-38.5813879966736,7,"R. Cardoso de Barros"
-3.72789057389056,-38.5218214988709,17,"R. Vinte e Cinco de Março"
-3.77720164194179,-38.5054922103882,17,"R. Nove"
-3.76103614061499,-38.580915927887,20,"R. Padre Sá Leitão"
-3.75232163331911,-38.4953641891479,22,"R. Plínio Câmara"
-3.84359478719323,-38.5275721549988,13,"R. Pensamento"
-3.70339459709378,-38.5818386077881,16,"R. Jacaúna"
-3.7702001968002,-38.6165142059326,17,"Av. Mil E Dezoito"
-3.72572793200735,-38.4658813476563,19,"Travessa Jonas Gomes"
-3.7390677074901,-38.5106420516968,22,"R. Bárbara de Alencar"
-3.7736045762571,-38.5660457611084,23,"R. Gomes Brasil"
-3.82854384036153,-38.4731340408325,0,"R. José Bonfim Júnior"
-3.71703448628363,-38.5488796234131,12,"Travessa Jacinto Matos"
-3.73934606340667,-38.5096979141235,14,"R. Bárbara de Alencar"
-3.73320080069748,-38.4933042526245,18,"R. Pereira Valente"
-3.72326551151023,-38.5590720176697,20,"R. Dr. Almeida Filho"
-3.72964637824038,-38.5868382453919,20,"R. Raimundo Rocha Menezes"
-3.79370941267065,-38.5753154754639,21,"R. Suíça"
-3.80186683283456,-38.4782195091248,10,"R. Dr. Joaquim Frota"
-3.78146243259912,-38.5653698444366,20,"R. Conselheiro Galvão"
-3.73870370346586,-38.593168258667,10,"R. Frota Pessoa"
-3.83173389247587,-38.571925163269,12,"R. Quixadá"
-3.7471399931631,-38.4678339958191,12,"R. Dr. Ribamar Lobo Vasconcelos"
-3.83503098081753,-38.5224652290344,15,"R. Duzentos e Dez"
-3.73523495165562,-38.5973310470581,15,"R. Seis"
-3.75559761310006,-38.532292842865,16,"R. Dr. Alfredo Weyne"
-3.72986050048215,-38.5413479804993,16,"R. Odílon Soares"
-3.7286400030054,-38.4909009933472,12,"Av. Antônio Justa"
-3.73853240740217,-38.5376358032227,10,"R. Sen. Catunda"
-3.76919386824419,-38.5811197757721,19,"R. Aluísio Azevedo"
-3.75666819206277,-38.5195255279541,20,"R. Monsenhor Salazar"
-3.72458237202435,-38.5488474369049,20,"Av. Srg. Hermínio Sampaio"
-3.72851152948821,-38.5500383377075,23,"R. Antônio Drumond"
-3.76439773317469,-38.5086679458618,18,"Av. Raul Barbosa"
-3.72600629215182,-38.4934973716736,21,"Av. Pres. John Kennedy"
-3.73429281916626,-38.5098266601562,15,"R. Monsenhor Bruno"
-3.81415634368447,-38.4110355377197,14,"Av. Cofeco"
-3.76997537881957,-38.4840881824493,19,"R. José Alves de Morais"
-3.75311386485024,-38.5148477554321,12,"R. Prof. Carvalho"
-3.77129216902207,-38.5385799407959,20,"Av. Luciano Carneiro"
-3.73242996331362,-38.5298037528992,12,"R. Maj. Facundo"
-3.73671238465908,-38.5448670387268,13,"R. Carvalho Mota"
-3.70455089099784,-38.5702085494995,17,"R. Grito de Alerta"
-3.73487094604097,-38.5770535469055,19,"R. Joaquim Albano"
-3.82141435208119,-38.4930038452148,19,"R. do Anjo Branco"
-3.73467823712504,-38.5846495628357,2,"Av. Demétrio Menezes"
-3.706906299832,-38.5658311843872,3,"R. Vinte e Três de Janeiro"
-3.76347704350872,-38.5464763641357,13,"R. Queirós Ribeiro"
-3.75658254579408,-38.5131096839905,16,"R. Cap. Melo"
-3.75898063813913,-38.5659599304199,17,"R. Rio Grande do Norte"
-3.77831501639475,-38.5501456260681,10,"R. Cônego Lima Sucupira"
-3.71403672649925,-38.5491371154785,15,"R. Pedro Artur"
-3.79336684215874,-38.4885835647583,18,"R. Januário Campos"
-3.75127246072626,-38.4951066970825,21,"R. Juca"
-3.72529968545927,-38.5240745544434,21,"R. Sobral"
-3.74969869947525,-38.4899139404297,23,"Av. Eng. Santana Júnior"
-3.746027,-38.502295,18,"R. Des. Leite Albuquerque"
-3.78111985723978,-38.5039258003235,23,"R. da Esperança"
-3.70592131144612,-38.5655093193054,3,"R. Vinte e Três de Janeiro"
-3.74337150831567,-38.5170364379883,2,"R. Achylles Beviloqua"
-3.79278875411196,-38.600914478302,8,"R. Cel. João Correia"
-3.72572793200735,-38.5161137580872,8,"R. Ten. Benévolo"
-3.73480670974035,-38.5730624198914,11,"R. México"
-3.74313597747408,-38.5952711105347,13,"R. Salgado Filho"
-3.72033201027722,-38.5579133033752,13,"R. Esmeralda"
-3.74015971865599,-38.5871815681458,14,"R. Martins Neto"
-3.76212812433376,-38.5407686233521,14,"R. Armando Monteiro"
-3.82591043268005,-38.5775470733643,15,"R. Itajuípe"
-3.75174351796461,-38.5557889938354,19,"R. Antônio Martins"
-3.72613476603496,-38.5259413719177,20,"R. Gen. Bezerril"
-3.73499941862809,-38.5469055175781,20,"R. José Sombra"
-3.7826828562165,-38.5787701606751,21,"R. Nilópolis"
-3.7597942751153,-38.5465407371521,15,"R. Eugênia"
-3.74097337314998,-38.503475189209,12,"R. Vicente Linhares"
-3.83347878172091,-38.5565614700317,2,"Av. J"
-3.75656113422559,-38.5269498825073,19,"Av. Eduardo Girão"
-3.83558763084139,-38.5782122612,9,"R. do Sol"
-3.76467608102161,-38.5514545440674,11,"R. Irmã Bazet"
-3.73519212747349,-38.562730550766,4,"Av. Bezerra de Menezes"
-3.75632560693758,-38.6038112640381,8,"R. Vinte e Quatro de Outubro"
-3.7925532366487,-38.4949350357056,10,"R. Vicente Lopes"
-3.74895999423751,-38.5542440414429,11,"R. Papi Júnior"
-3.77859335978476,-38.5794997215271,14,"R. Seixas Correia"
-3.75020187514937,-38.5064148902893,14,"R. Júlio Siqueira"
-3.82164986165006,-38.4795928001404,14,"Travessa Capricho"
-3.72669148597839,-38.5498023033142,15,"Av. Benjamin Barroso"
-3.76429067628679,-38.5372495651245,15,"R. Vicente Padilha"
-3.75311386485024,-38.5298681259155,17,"R. Gen. Silva Júnior"
-3.72324409912788,-38.5875248908997,17,"R. Mário Campos"
-3.72986050048215,-38.4775114059448,0,"R. Eng. Plácido Coelho Júnior"
-3.7948441765212,-38.4743356704712,4,"R. Conselheiro Gomes de Freitas"
-3.75506232312628,-38.5449743270874,10,"R. Samuel Uchôa"
-3.83222631556815,-38.5717964172363,11,"R. Oscar Romero"
-3.75264280835076,-38.5224866867065,12,"R. João Lobo Fiho"
-3.71821217484012,-38.5736632347107,17,"R. Teodomiro de Castro"
-3.78118409012997,-38.5766887664795,20,"R. Abel Ribeiro"
-3.71874748730033,-38.5685133934021,20,"R. Trevo"
-3.70831954212152,-38.5610890388489,20,"R. Felipe Camarão"
-3.70388709283019,-38.5780191421509,4,"R. Caubi"
-3.76229941577334,-38.5474419593811,10,"R. Sátiro Dias"
-3.72615617834698,-38.5428714752197,11,"R. Júlio Pinto"
-3.77805808395547,-38.59299659729,18,"R. Carlos Chagas"
-3.73242996331362,-38.5399532318115,21,"R. Barão de Ibiapaba"
-3.73489235814013,-38.4725332260132,12,"R. Sólon Onofre"
-3.75510514633626,-38.510856628418,11,"R. Humberto de Campos"
-3.72251607781789,-38.518431186676,1,"R. José Avelino"
-3.79026229070394,-38.5824823379517,8,"R. Arruda Cãmara"
-3.82261330921296,-38.4792709350586,9,"R. Joana Soares"
-3.70814824014613,-38.5541582107544,10,"R. Rio Nilo"
-3.77324058663748,-38.566882610321,12,"R. Gomes Brasil"
-3.81297878491756,-38.5698437690735,15,"R. Chico Mendes"
-3.78338941647263,-38.5772681236267,20,"R. Leão do Norte"
-3.7731121196765,-38.5573768615723,22,"R. Mundica Paula"
-3.78503805482928,-38.5085391998291,9,"R. da Cachoeira"
-3.7341429343588,-38.4739065170288,15,"R. Fausto Cabral"
-3.72594205520323,-38.4584140777588,13,"Av. Zezé Diogo"
-3.79728498427958,-38.5442447662353,12,"R. Rosário do Sul"
-3.79728498427958,-38.5442447662353,12,"R. Rosário do Sul"
-3.77129216902207,-38.513023853302,10,"Travessa Purificação"
-3.84475089446986,-38.5251474380493,14,"R. Valparaíso"
-3.78019918529077,-38.5824394226074,18,"R. Thompson Gonçalves"
-3.78523075261421,-38.5240960121155,19,"R. Pedro Dantas"
-3.74540563567479,-38.5414123535156,19,"R. Antenor Frota Wanderley"
-3.83002111429541,-38.513195514679,20,"R. Prof. Geraldo Arruda"
-3.82599607208161,-38.4866309165955,21,"R. Duarte da Costa"
-3.72253749021794,-38.5706377029419,23,"R. Luís Guimarães"
-3.76163566125743,-38.532292842865,8,"R. Francisco Lorda"
-3.727676451169,-38.5520553588867,9,"R. Mozart Pinto"
-3.79572201168486,-38.5999059677124,10,"R. Nova Conquista"
-3.74283621085681,-38.5385155677795,10,"R. Ns. dos Remédios"
-3.77416126596859,-38.4897637367249,12,"R. Luíza Miranda Coelho"
-3.73262267272301,-38.5424852371216,17,"R. Justiniano de Serpa"
-3.79837692235849,-38.4781551361084,19,"R. Mário Alencar Araripe"
-3.79473712339143,-38.4744215011597,19,"R. Conselheiro Gomes de Freitas"
-3.75358492109567,-38.5680413246155,21,"R. Uruguaiana"
-3.78383904542652,-38.5767316818237,21,"R. Leão do Norte"
-3.82353393587281,-38.5972881317139,14,"R. Osório Correia"
-3.78088433660169,-38.4973168373108,16,"R. Ademar de Barros"
-3.73350057060846,-38.5592436790466,18,"R. Soares Bulcão"
-3.73953877129713,-38.5385584831238,13,"R. Juvenal Galeno"
-3.7689369331071,-38.5550594329834,13,"R. Quinze de Novembro"
-3.72619900296949,-38.5221862792969,14,"R. Dep. João Lopes"
-3.72495708807076,-38.5658097267151,16,"Av. Olavo Bilac"
-3.77745857463465,-38.5975241661072,19,"R. Taquari"
-3.79234983515152,-38.4754407405853,18,"R. Marcelino Lopes"
-3.79157905009628,-38.4801399707794,17,"R. Cel. Olegário Memória"
-3.79598964417923,-38.5022306442261,3,"R. Teofredo Goiana"
-3.82982842653557,-38.5628056526184,8,"R. Leitão Cerqueira"
-3.70812682739688,-38.5554027557373,14,"R. Santa Elisa"
-3.72288008854812,-38.5664963722229,19,"Av. Olavo Bilac"
-3.81917700795246,-38.4908258914948,19,"R. São Miguel"
-3.79433032137731,-38.6042833328247,22,"R. Nova Conquista"
-3.81107327731448,-38.4939050674438,23,"R. Evaristo da Veiga"
-3.72913248464731,-38.5932755470276,2,"R. Maria José Teixeira"
-3.76955785955845,-38.5561323165894,20,"R. Dom Carloto Távora"
-3.74394962920371,-38.5125088691711,8,"R. Thomás Acioli"
-3.74596234339133,-38.55229139328,9,"R. Delmiro de Farias"
-3.75463409091091,-38.5455536842346,11,"R. Samuel Uchôa"
-3.765254187804,-38.5329794883728,11,"R. Alberto Montezuma"
-3.79030511217913,-38.5455751419067,12,"R. Oregon"
-3.71420802733272,-38.5792207717896,20,"R. Tulipa"
-3.79019805848718,-38.5482358932495,3,"R. Dr. Pedro Wilson"
-3.74778234691593,-38.5502099990845,10,"R. Delmiro de Farias"
-3.74275056323303,-38.546347618103,10,"R. Monsenhor Furtado"
-3.7499449344158,-38.5527420043945,11,"R. Monsenhor Furtado"
-3.73313656427467,-38.5199546813965,12,"R. Dona Leopoldina"
-3.72694843352576,-38.6028027534485,21,"R. Santa Maria Gorete"
-3.76242788433091,-38.5808515548706,22,"R. Luciano Queirós"
-3.81081635461802,-38.5831260681152,22,"R. Alfredo Mamede"
-3.73395022528306,-38.5080671310425,10,"R. Alfredo Severo"
-3.75161504783387,-38.5552096366882,9,"R. Cel. Nunes Melo"
-3.70793411263022,-38.5545229911804,10,"R. Rio Nilo"
-3.74675458068501,-38.5123157501221,21,"R. Dr. José Lourenço"
-3.71816934982926,-38.573727607727,15,"R. Teodomiro de Castro"
-3.76238506148049,-38.5485577583313,16,"R. Vasco da Gama"
-3.83937712328833,-38.5888552665711,17,"Av. Contorno Norte"
-3.82828692289543,-38.5057926177979,20,"R. Rosita"
-3.72200218006022,-38.5178303718567,1,"R. Sen. Almino"
-3.7572034810516,-38.4902572631836,19,"Av. Washington Soares"
-3.73874652747656,-38.5669255256653,19,"R. Azevedo Bolão"
-3.7630274040158,-38.5083675384522,1,"Av. Raul Barbosa"
-3.7920179694481,-38.612265586853,1,"R. Xavier da Silveira"
-3.81756054995273,-38.5939621925354,4,"R. Getúlio Vargas"
-3.7270983195604,-38.5402321815491,9,"R. Padre Ibiapina"
-3.80799019989326,-38.5706377029419,11,"R. Gen. Onofre"
-3.75609007958601,-38.5402536392212,11,"R. Jorge Dumar"
-3.80306581722323,-38.5341382026672,18,"Av. Heróis do Acre"
-3.74895999423751,-38.5457468032837,21,"R. João Sorongo"
-3.71146721000882,-38.5527849197388,23,"R. Santa Rosa"
-3.76292034695947,-38.5656380653381,23,"R. Belo Horizonte"
-3.75272845500592,-38.5973525047302,0,"R. Prof. Virgílio Morais"
-3.73080263772617,-38.559308052063,2,"R. Cel. Mozart Gondim"
-3.71495746808815,-38.5484933853149,7,"R. Gomes Parente"
-3.75726771570819,-38.5276579856873,11,"R. Luciano Magalhães"
-3.72969990880572,-38.4852147102356,18,"R. Dr. José Lino"
-3.71812652481632,-38.583083152771,20,"R. Conselheiro Lafayette"
-3.74047019217046,-38.5375714302063,8,"R. Juvenal Galeno"
-3.73507436096189,-38.5616791248321,15,"Av. Bezerra de Menezes"
-3.71917573703446,-38.5113716125488,20,"Av. Pres. John Kennedy"
-3.70491490913644,-38.5720539093018,9,"R. Santa Helena"
-3.78274708899087,-38.5594797134399,14,"R. José Meneleu"
-3.73527777583565,-38.4887552261352,15,"R. Frederico Borges"
-3.78034906218629,-38.5635781288147,17,"R. Ribeirão Preto"
-3.79741344765468,-38.4989476203918,18,"R. Ulysses Bezerra"
-3.78550909378338,-38.572096824646,21,"R. Hungria"
-3.72926095807375,-38.4786701202393,20,"R. Eng. Plácido Coelho Júnior"
-3.73380034041712,-38.5642862319946,20,"R. Tab. Fabião"
-3.72380082089995,-38.5804867744446,18,"Travessa Solimões"
-3.72313703720828,-38.5804224014282,20,"R. Gaudioso Carvalho"
-3.77448243294752,-38.5570120811462,1,"R. Júlio Verne"
-3.73018168374699,-38.4709239006043,7,"R. dos Parlamentares"
-3.71780533715298,-38.5619688034058,11,"R. Assis Bezerra"
-3.83055635784509,-38.4928321838379,11,"R. Cel. Francisco Pereira"
-3.76553253537713,-38.5421848297119,11,"R. Frei Vicente Salvador"
-3.73191607134852,-38.5589861869812,14,"R. Cel. Mozart Gondim"
-3.77688047596875,-38.5846495628357,18,"R. Maria Quintela"
-3.76298458119486,-38.5489654541016,21,"R. Eduardo Angelim"
-3.7406736057927,-38.5627412796021,22,"R. Frecheirinha"
-3.75938745672212,-38.5517978668213,4,"R. Des. João Firmino"
-3.75990133255565,-38.5542333126068,11,"R. Dr. Álvaro Fernandes"
-3.74788940582887,-38.4965765476227,21,"R. Sen. Virgílio Távora"
-3.81916630294262,-38.4774255752563,16,"Travessa Ozália Pontes"
-3.74283621085681,-38.5897994041443,1,"R. Cel. Joaquim Franklin"
-3.72579216897158,-38.5831904411316,3,"R. Maria Clara"
-3.71675612330411,-38.5820317268372,9,"R. Gen. Tomé Cordeiro"
-3.75919475320647,-38.5325074195862,12,"R. João Araripe"
-3.72120992042972,-38.5507464408874,14,"R. Mário Studart"
-3.75525502755464,-38.5698437690735,14,"R. Timbaúba"
-3.73517071538165,-38.5468411445618,19,"R. José Sombra"
-3.82565351442402,-38.4884977340698,22,"R. Muniz Freire"
-3.75671101519396,-38.5199332237244,19,"Av. Visc. do Rio Branco"
-3.80679122235796,-38.5035395622253,10,"R. Rosa Virgínia"
-3.73911053148302,-38.5662817955017,19,"R. Armando de Oliveira"
-3.77354034280591,-38.5760879516602,0,"R. Ribeiro Júnior"
-3.74050231011395,-38.5897994041443,8,"R. Martins Neto"
-3.77491065540135,-38.4850859642029,14,"R. Caio Cid"
-3.7390677074901,-38.5305547714233,8,"R. Joaquim Magalhães"
-3.77812231707243,-38.5741138458252,17,"R. Vicente Braga"
-3.75137951921181,-38.5292887687683,17,"R. Padre Leopoldo Fernandes"
-3.74042736824396,-38.5081851482391,8,"Av. Barão de Studart"
-3.71776251212236,-38.5920524597168,11,"R. Palmácia"
-3.7617855413536,-38.5321640968323,12,"R. Francisco Lorda"
-3.73744039420951,-38.4745717048645,13,"R. Amélia Benebien"
-3.73705497746396,-38.4721684455872,13,"R. Amélia Benebien"
-3.74341433209825,-38.5311341285706,14,"R. Padre Miguelino"
-3.81601902425728,-38.4804940223694,15,"R. Olímpio Leite"
-3.80499275292494,-38.6108922958374,23,"Travessa Ipiranga"
-3.79139705908017,-38.543815612793,5,"R. Pedro Aguiar"
-3.73585590206157,-38.550660610199,9,"R. José Barcelos"
-3.77227708396709,-38.5789632797241,14,"R. Des. Félix Cândido"
-3.75210751656575,-38.5661959648132,14,"R. Espírito Santo"
-3.74958093491396,-38.571195602417,15,"R. Domingos Lopes"
-3.8071766081764,-38.5363054275513,16,"R. das Oiticicas"
-3.76835882877114,-38.5813450813293,20,"R. Brg. Torres"
-3.75105834371579,-38.5433650016785,20,"R. João Sorongo"
-3.78953432530125,-38.4888625144959,20,"R. Dr. José Plutarco"
-3.79257464732983,-38.610634803772,21,"R. Xavier da Silveira"
-3.82554646512794,-38.5756373405457,21,"R. Arthur de Souza"
-3.74197973424215,-38.55229139328,10,"Av. Francisca Clotilde"
-3.74174420302632,-38.5900354385376,19,"R. José Leite Gondim"
-3.80494993217838,-38.5988759994507,21,"Av. Monte Paschoal"
-3.77786538457609,-38.5937261581421,21,"R. Carlos Chagas"
-3.78067022687518,-38.5618615150452,1,"R. Casimiro de Abreu"
-3.74754681726132,-38.5160064697266,21,"R. Padre Chevalier"
-3.7543343282352,-38.591902256012,10,"R. Manaus"
-3.74039525029773,-38.5462832450867,20,"R. Dom Joaquim de Melo"
-3.7406736057927,-38.5383868217468,18,"Av. da Universidade"
-3.74422798356924,-38.4709239006043,1,"R. José Borba Vasconcelos"
-3.75099410860243,-38.5693502426147,8,"R. Gaspar Lemos"
-3.7272482055695,-38.6009573936462,13,"R. Sulamita Portela"
-3.7289611867162,-38.5186886787415,14,"R. Dona Leopoldina"
-3.78876353773653,-38.579843044281,16,"R. Dom Henrique"
-3.78636552758891,-38.5970950126648,1,"R. Gustavo Barroso"
-3.79364518071001,-38.5774183273315,10,"R. Suíça"
-3.75319951145921,-38.5077238082886,10,"R. Eduardo Bezerra"
-3.83413177616703,-38.5001277923584,14,"R. Santa Ângela"
-3.74189408653464,-38.5954642295837,20,"R. Salgado Filho"
-3.82586761297606,-38.4901070594788,21,"R. Eudes Cardoso"
-3.75664678049638,-38.5626983642578,0,"R. Mato Grosso"
-3.75084422665288,-38.5965800285339,4,"R. José de Carvalho"
-3.75474114898445,-38.5388803482056,8,"R. Pré Nova"
-3.78396751079906,-38.5765385627747,19,"R. Leão do Norte"
-3.75011622824657,-38.5272288322449,18,"R. Carolino de Aquino"
-3.79440525860483,-38.5004818439484,23,"R. Antônio de Castro"
-3.82685246562633,-38.5096764564514,10,"R. Augusto Calheiros"
-3.75362774437811,-38.5843920707703,17,"R. Conselheiro Araújo Lima"
-3.73838252331897,-38.5398459434509,17,"R. Juvenal Galeno"
-3.83727898830454,-38.575336933136,21,"R. Aurora"
-3.81130878971883,-38.4931540489197,22,"R. Ignácio Vasconcelos"
-3.81663991688405,-38.5950350761414,22,"R. Getúlio Vargas"
-3.7563898416588,-38.5160279273987,10,"R. Monsenhor Salazar"
-3.71065352822827,-38.5622692108154,1,"R. Prof. José Bonifácio"
-3.70369437713988,-38.5768282413483,4,"R. Domingos da Veiga"
-3.72729103013883,-38.5341596603394,8,"Av. do Imperador"
-3.76849800207232,-38.4950315952301,10,"R. Dr. Thompson Bulcão"
-3.72273020179507,-38.5345458984375,12,"R. Sen. Alencar"
-3.7170773113496,-38.5636210441589,13,"R. Cônsul Gouveia"
-3.84333787425224,-38.5132813453674,15,"R. Recanto Verde"
-3.74210820578774,-38.5604453086853,18,"R. Abílio Martins"
-3.7731121196765,-38.4825968742371,20,"R. Nelson Studart"
-3.72478578932649,-38.4862017631531,7,"R. da Paz"
-3.76296316978359,-38.5836839675903,8,"R. Florianópolis"
-3.80351543593902,-38.5706377029419,18,"R. Benjamin Brasil"
-3.75382044912311,-38.5681700706482,19,"R. Uruguaiana"
-3.82083628286527,-38.5091400146484,8,"R. Cap. Hugo Bezerra"
-3.7352563637459,-38.5468411445618,20,"R. José Sombra"
-3.75716065794457,-38.5555958747864,20,"R. Matos Vasconcelos"
-3.72996756158347,-38.4626841545105,14,"Av. Clóvis Matos"
-3.7539275072964,-38.5286664962769,11,"R. Dep. Oswaldo Studart"
-3.73913194347869,-38.5105991363525,12,"R. Bárbara de Alencar"
-3.75626137221164,-38.5418844223022,16,"R. André Chaves"
-3.78809980345,-38.5430645942688,2,"R. Vila Rica"
-3.71335152283299,-38.561110496521,9,"R. Coelho Fonseca"
-3.78880635928592,-38.5076379776001,14,"R. Cap. Gutemberg"
-3.84449398187719,-38.5255980491638,21,"R. Valparaíso"
-3.77514617766095,-38.571195602417,21,"R. Vênus"
-3.72919672136288,-38.5917091369629,22,"R. Padre Manoel Primo"
-3.72377940853061,-38.6035966873169,13,"R. Victória"
-3.80635231052133,-38.5183346271515,19,"R. R"
-3.69433690929269,-38.5855078697205,23,"R. Manuel Gadelha"
-3.71810511230907,-38.5970306396484,8,"R. Vinte e Dois"
-3.72371517141946,-38.5847353935242,2,"R. Ana Batista"
-3.71405813910525,-38.5829758644104,20,"R. C"
-3.84380888125161,-38.5279154777527,15,"R. Serra Azul"
-3.81381378130049,-38.5916447639465,3,"R. Cento e Sete"
-3.83914161859802,-38.5905504226685,21,"Av. Contorno Norte"
-3.78317530736494,-38.5447597503662,5,"R. Iguatu"
-3.81890938266607,-38.4801292419434,20,"R. Neném Arruda"
-3.75973004064479,-38.5324215888977,23,"Av. Gutemberg"
-3.79527238890762,-38.5160493850708,15,"R. José Messias Matos"
-3.77454666632906,-38.5791349411011,23,"R. Melo de Oliveira"
-3.783646347332,-38.5087108612061,18,"Av. Plácido Castelo"
-3.70397274423464,-38.5736632347107,23,"R. São Jorge"
-3.70821247839079,-38.5550379753113,0,"R. Santa Elisa"
-3.80769045566598,-38.5860013961792,10,"Av. de Contorno Leste"
-3.76015827035882,-38.5719680786133,18,"R. Sergipe"
-3.79891218561807,-38.6039400100708,22,"R. Nova Friburgo"
-3.85318614823158,-38.4469771385193,1,"R. Menino Jesus"
-3.76705273978291,-38.5739421844482,3,"R. Florianópolis"
-3.87106261492174,-38.499162197113,18,IPPS
-3.87107331927993,-38.4992158412933,7,IPPS
-3.7795354444421,-38.5139894485473,20,"R. dos Antares"
-3.74120890457302,-38.5955715179443,22,"R. Salgado Filho"
-3.81950886319169,-38.4771037101746,9,"R. Santa Rita do Alagadico"
-3.74401386483439,-38.594434261322,20,"R. Padre Perdigão Sampaio"
-3.82329842682136,-38.479163646698,22,"R. Ambrózio de Carvalho"
-3.7226873770038,-38.5992407798767,22,"R. Pedro Ferreira"
-3.69512919300625,-38.5813021659851,12,"R. Taperoaba"
-3.75958016019519,-38.6010432243347,15,"R. Santa Adélia"
-3.77157051466315,-38.4727907180786,6,"R. do Comércio"
-3.77238413987211,-38.5675263404846,6,"R. Gomes Brasil"
-3.75206469320878,-38.5393309593201,9,"R. Jorge Dumar"
-3.75285692497292,-38.5290312767029,19,"R. Min. Joaquim Bastos"
-3.75180775302289,-38.528151512146,16,"R. Mário Mamede"
-3.7677593127577,-38.5876321792603,18,"R. Joaquim Manoel de Macedo"
-3.74292185847222,-38.5544586181641,18,"Av. Gonçalves Dias"
-3.75549055513156,-38.5399961471558,19,"R. Jorge Dumar"
-3.80492852180431,-38.566689491272,20,"R. Benjamin Brasil"
-3.82678823614017,-38.4867167472839,21,"R. Duarte da Costa"
-3.7602439162764,-38.5668611526489,3,"R. Pernambuco"
-3.70804117639466,-38.5554456710815,22,"R. Santa Elisa"
-3.76882987677758,-38.604884147644,20,"R. Seicentos E Dois"
-3.73189465917678,-38.5014688968658,19,"Av. Dom Luiz"
-3.78191206255283,-38.544180393219,13,"R. Ignácio Parente"
-3.78803557107267,-38.5805511474609,20,"R. Dom Henrique"
-3.73031015702007,-38.4710741043091,22,"R. dos Parlamentares"
-3.7604580310335,-38.486909866333,17,"R. Paulino Rocha"
-3.71427226513668,-38.6029744148254,19,"R. G"
-3.75891640360868,-38.6013865470886,10,"R. Alves Batista"
-3.73934606340667,-38.5267782211304,15,"R. Conselheiro Tristão"
-3.72806187203026,-38.5400605201721,18,"R. Padre Ibiapina"
-3.74446351411708,-38.5137319564819,19,"R. Luiz Alves Maia"
-3.75159363614359,-38.5559606552124,19,"R. Antônio Martins"
-3.71127449597064,-38.5908937454224,19,"R. Menezes de Oliveira"
-3.75150798937717,-38.5226798057556,9,"R. João Lobo Fiho"
-3.73746180624596,-38.4744644165039,13,"R. Amelia Benebien"
-3.71966822397148,-38.514461517334,10,"R. dos Guanaces"
-3.77116370177304,-38.5768604278564,21,"R. Aluísio Azevedo"
-3.70474360650164,-38.565616607666,15,"Av. Monsenhor Hélio Campos"
-3.70395133138431,-38.5714960098267,2,"R. Grito de Alerta"
-3.82113602250733,-38.5109210014343,19,"R. Paraíso"
-3.79004818329616,-38.5637068748474,19,"R. Itália"
-3.7356738994019,-38.5311233997345,21,"R. Barão de Rio Branco"
-3.87104120620496,-38.4991943836212,17,"Anel Viário"
-3.74521292907503,-38.5941553115845,7,"R. Padre Perdigão Sampaio"
-3.75367056765846,-38.5272288322449,10,"R. Paula Rodrigues"
-3.77321917547863,-38.487811088562,13,"R. Efésio"
-3.75895922662951,-38.542742729187,13,"R. Uruburetama"
-3.7604580310335,-38.5457897186279,13,"R. Raul Uchôa"
-3.74397104108114,-38.5376572608948,13,"R. Paulino Nogueira"
-3.76022250479779,-38.5336661338806,17,"R. Moreira Gomes"
-3.72422906817734,-38.5637068748474,17,"R. Pompeu Cavalcante"
-3.74452774971005,-38.5103845596314,20,"R. Thomás Acioli"
-3.74058795795751,-38.5136890411377,21,"R. Limoeiro do Norte"
-3.74758964083961,-38.5221862792969,20,"R. Pergentino Ferreira"
-3.82085769284317,-38.5758090019226,13,"R. Pirineus"
-3.78126973397614,-38.5515403747559,18,"R. Vitoriano Borges"
-3.84447257249098,-38.5272073745727,23,"R. Serra Azul"
-3.70853366954407,-38.5546731948853,10,"Travessa Santa Inês"
-3.78874212696104,-38.50834608078,21,"R. Luiz Mendes"
-3.72774068799095,-38.59694480896,22,"R. Cláudio Guimarães"
-3.72840446820957,-38.5729551315308,21,"R. do Planalto"
-3.82287022838025,-38.5077238082886,21,"R. Daura"
-3.79966155362362,-38.5434937477112,21,"R. do Matadouro"
-3.71412237692013,-38.6037039756775,22,"R. I"
-3.84357337778444,-38.5260057449341,18,"R. Avaré"
-3.76360551189263,-38.5882544517517,20,"R. Vitória"
-3.78341082738048,-38.5745644569397,6,"R. Nereu Ramos"
-3.82734489152685,-38.5070371627808,10,"R. Augusto Calheiros"
-3.72748374067502,-38.55553150177,11,"R. Aristides Barreto Neto"
-3.78058458296978,-38.5025310516357,15,"R. Padre Francisco Pita"
-3.76326292949342,-38.5971593856812,18,"R. Santa Lúcia"
-3.7270983195604,-38.5259521007538,18,"R. Sena Madureira"
-3.78647258175503,-38.5232591629028,0,"R. Saturno"
-3.74009548274271,-38.5651016235352,1,"R. Maria F Rodrigues"
-3.71459345408642,-38.60271692276,8,"R. E"
-3.77283377452919,-38.4732413291931,11,"R. Pres. Arthur Bernardes"
-3.75750324274189,-38.549394607544,14,"R. Júlio César"
-3.81165135310091,-38.5880613327026,21,"R. Estr. do Siqueira"
-3.79379505527742,-38.609561920166,21,"R. Martins Carvalho"
-3.75024469859762,-38.5695219039917,10,"R. Lorena"
-3.78480253525617,-38.5490942001343,11,"R. Américo Vespúcio"
-3.79501546150125,-38.5876536369324,21,"R. Darcy Vargas"
-3.72324409912788,-38.5838770866394,9,"R. Rio Paraguai"
-3.76990043947976,-38.4960508346558,15,"R. Josias Mendes"
-3.81310724595234,-38.5970306396484,20,"R. Jardim Fluminense"
-3.77538169985667,-38.5610675811768,21,"R. Caio Prado"
-3.75512655794046,-38.5697364807129,21,"R. Timbaúba"
-3.72527827312639,-38.5826539993286,21,"R. Eretides Alencar"
-3.79572201168486,-38.5997986793518,15,"R. Nova Conquista"
-3.82473289004067,-38.4712886810303,15,"R. Elza Leite Albuquerque"
-3.8318409409983,-38.5021233558655,22,"Av. Jorn. Thomás Coelho"
-3.76122884372361,-38.576774597168,6,"R. Renato Viana"
-3.79340966348016,-38.5990691184997,16,"R. Cel. João Correia"
-3.81997988331092,-38.49285364151,8,"Travessa Frederico Severo"
-3.76212812433376,-38.587954044342,9,"R. Porto Alegre"
-3.80644865704122,-38.5846066474915,10,"R. Joaquim Alfredo"
-3.78717913891941,-38.4890341758728,14,"R. Salvador Mendonça"
-3.78060599394693,-38.4964799880981,19,"R. Antônio Rocha"
-3.74780375869956,-38.5590934753418,20,"R. Lopes Filho"
-3.79610740245046,-38.5013294219971,20,"R. Júlio Lima"
-3.78690079828714,-38.5204911231995,21,"R. Saturno"
-3.82045090317158,-38.5619473457336,1,"R. Antônio L A Vale"
-3.83659388188745,-38.5604882240295,4,"R. Oitenta e Três"
-3.73332927352901,-38.518967628479,22,"R. J. da Penha"
-3.82111461253637,-38.5955929756165,4,"R. Tulipa Negra"
-3.82329842682136,-38.4797859191895,8,"R. Joana Soares"
-3.85267232805786,-38.4991192817688,19,"R. Honorato Dias"
-3.85265091887722,-38.4993124008179,19,"R. Honorato Silva"
-3.76135731243901,-38.6168467998505,12,"Av. Dom Almeida Lustosa"
-3.80205952686662,-38.5368096828461,18,"R. Prof. Odílio Filho"
-3.80387941282287,-38.5771179199219,16,"R. Manoel Satiro"
-3.84569290664727,-38.5069513320923,20,"R. Padre Cícero"
-3.82325560698688,-38.4799146652222,19,"R. Joana Soares"
-3.78351788191183,-38.4763097763062,19,"R. Via Coletora"
-3.80015399510144,-38.5435366630554,14,"R. do Matadouro"
-3.73690509312828,-38.5679340362549,1,"Av. Dr. Theberge"
-3.81385660160596,-38.5918164253235,2,"Av. Canal"
-3.83738603613256,-38.5746932029724,21,"R. Aurora"
-3.79096884477352,-38.5642004013062,19,"R. Itália"
-3.73573813563903,-38.5311663150787,21,"R. Barão de Rio Branco"
-3.71446497852055,-38.6031460762024,19,"R. G"
-3.78109844627532,-38.5012865066528,22,"R. Padre Francisco Pita"
-3.80670558104156,-38.6076951026917,20,"R. Indiaria"
-3.82185325622569,-38.5084962844849,22,"R. Amaro Bandeira"
-3.82460443074575,-38.4744215011597,1,"R. Car Justino Ferreira Ramos"
-3.80210234775679,-38.5902070999145,21,"R. Santa Rita"
-3.78741465784604,-38.5940480232239,4,"R. Gustavo Barroso"
-3.7876715875111,-38.600549697876,9,"R. João XXIII"
-3.84839048121316,-38.5172295570374,8,"R. Cinco"
-3.71356564903583,-38.5513043403625,7,"R. Pedro Artur"
-3.73202313219938,-38.4741425514221,10,"R. Oliveira Viana"
-3.72765503889398,-38.5516476631165,10,"R. Padre Anchieta"
-3.75362774437811,-38.5469484329224,11,"R. Samuel Uchôa"
-3.76497584014189,-38.5539865493774,15,"R. Romeu Martins"
-3.73538483627659,-38.5788345336914,20,"R. Dracon Barreto"
-3.74735411113311,-38.5208129882813,21,"R. Cel. Pergentino Ferreira"
-3.74478469203476,-38.4692287445068,21,"R. Joaquim Lima"
-3.7289611867162,-38.5307264328003,10,"R. Pedro Pereira"
-3.74050231011395,-38.4899353981018,14,"R. Fonseca Lobo"
-3.78221181572572,-38.4966945648193,17,"R. Padre Francisco Pita"
-3.7270769072713,-38.5403394699097,17,"R. Padre Ibiapina"
-3.72448601644379,-38.5369491577148,17,"R. Padre Mororo"
-3.80700532561172,-38.5663890838623,17,"R. Cel. Jaime Rolemberg"
-3.78904187776968,-38.5844993591309,18,"R. Monsenhor Agostinho"
-3.73799710698744,-38.5413908958435,18,"R. Batoque"
-3.72602770446698,-38.5310482978821,20,"R. Guilherme Rocha"
-3.72273020179507,-38.5275077819824,1,"R. Dr. João Moreira"
-3.73975289112573,-38.5088181495667,3,"R. Bárbara de Alencar"
-3.7315306521774,-38.5199546813965,9,"R. Pinto Madeira"
-3.764205030767,-38.566517829895,13,"R. Belo Horizonte"
-3.72429330525099,-38.4839487075806,14,"R. Tereza Hinko"
-3.74962375839262,-38.4514188766479,21,"R. Edmundo Falcão"
-3.7103109251491,-38.5738134384155,22,"R. Graça Aranha"
-3.7347852976391,-38.5660886764526,23,"R. Braz de Francesco"
-3.71324445971208,-38.5736632347107,7,"R. César Correia"
-3.72225912897654,-38.5287952423096,8,"R. Dr. João Moreira"
-3.72840446820957,-38.5271000862122,9,"R. Pedro Borges"
-3.71977528631268,-38.5158777236938,16,"R. dos Tremembés"
-3.74033101440171,-38.5376787185669,20,"R. Juvenal Galeno"
-3.73180901048461,-38.5746717453003,20,"R. Des. Guimarães"
-3.74998775787664,-38.5608959197998,20,"R. Viriato Ribeiro"
-3.74570540141232,-38.5582137107849,9,"R. Pedro de Queirós"
-3.77692329810535,-38.5601234436035,10,"R. Caio Prado"
-3.74737552292724,-38.5555744171143,11,"R. Frei Marcelino"
-3.7488101119392,-38.5548448562622,13,"R. Gustavo Braga"
-3.72547098410351,-38.5945844650268,16,"R. Rosinha Sampaio"
-3.74934540574377,-38.5716247558594,16,"R. Cláudio Manoel"
-3.74814634716647,-38.5060501098633,19,"R. Francisco Holanda"
-3.83376781211104,-38.5022950172424,21,"R. Conrado Malta"
-3.71551419509447,-38.5710453987122,20,"R. São Bernardo"
-3.73236572683442,-38.4822750091553,7,"Av. Des. Colombo Sousa"
-3.74219385347433,-38.5379147529602,20,"Av. Treze de Maio"
-3.72444319173793,-38.5253190994263,11,"R. Gen. Bezerril"
-3.73388598891506,-38.5161352157593,9,"R. Fiuza de Pontes"
-3.74401386483439,-38.5886192321777,10,"Travessa Rui Monte"
-3.74093054924808,-38.5570549964905,10,"R. Gen. Piragibe"
-3.73465682502065,-38.5778045654297,12,"R. Padre Guilherme"
-3.75994415552811,-38.5804224014282,15,"R. Padre Sá Leitão"
-3.77752280779599,-38.5926103591919,18,"R. Francisco Domingos"
-3.74148725980956,-38.5577630996704,18,"R. Abílio Martins"
-3.80240209392842,-38.5664534568787,19,"R. Rubens Monte"
-3.76848729643456,-38.5579991340637,19,"R. Zacarias Gondim"
-3.77135640263946,-38.6163640022278,21,"Av. Mil E Noventa"
-3.73484953394129,-38.5806584358215,22,"R. Balduíno Freire"
-3.75223598662406,-38.5954856872559,23,"R. Graco Cardoso"
-3.74392821732578,-38.4735631942749,23,"Av. Santos Dumont"
-3.74033101440171,-38.5375499725342,13,"R. Juvenal Galeno"
-3.707077602048,-38.5833621025085,6,"Travessa Cândido Castelo Branco"
-3.7232012743616,-38.5259413719177,8,"R. Dr. João Moreira"
-3.73797569496405,-38.5655951499939,11,"R. Moreira de Sousa"
-3.81006699631504,-38.5948634147644,13,"R. Brumado"
-3.74005265879791,-38.5174655914307,17,"R. João Brigido"
-3.75135810751576,-38.5307908058167,20,"R. Min. Joaquim Bastos"
-3.73009603488784,-38.5409188270569,20,"R. Eurico Facó"
-3.76489019468948,-38.5444378852844,21,"R. Joaquim Pimenta"
-3.79263887937004,-38.5864734649658,0,"R. Antônio Costa Mendes"
-3.74594093156262,-38.5036897659302,21,"R. Oswaldo Cruz"
-3.74094125522374,-38.5111570358276,18,"Av. Ruy Barbosa"
-3.74163714336182,-38.512852191925,17,"R. João Brigido"
-3.76454761279564,-38.4893560409546,17,"R. Jorn. Cézar Magalhães"
-3.77026443049829,-38.5153841972351,20,"R. Brg. Vilela"
-3.78381763452924,-38.5740494728088,6,"R. Nereu Ramos"
-3.7575888889202,-38.6012578010559,21,"R. Alves Batista"
-3.74084490143799,-38.4754514694214,5,"R. Des. Lauro Nogueira"
-3.79803435369813,-38.6133170127869,9,"R. Urucutuba"
-3.83475265566964,-38.5216498374939,21,"Av. Castelo de Castro"
-3.7865582250784,-38.5458326339722,1,"R. Montevidéu"
-3.77658072095335,-38.5854005813599,2,"R. Maria Quintela"
-3.81447749579545,-38.4962868690491,12,"R. Araújo Torreão"
-3.7390677074901,-38.5109639167786,20,"R. Bárbara de Alencar"
-3.76157142692262,-38.5760235786438,1,"R. Renato Viana"
-3.75489103026534,-38.5475063323975,8,"R. Júlio César"
-3.77315494199894,-38.5669469833374,9,"R. Gomes Brasil"
-3.76613205292466,-38.5900783538818,17,"R. Cidade Rio Branco"
-3.74442069038582,-38.5247397422791,18,"R. Sousa Girão"
-3.73840393533242,-38.5325503349304,21,"R. Joaquim Magalhães"
-3.75448420958592,-38.5136032104492,21,"R. Cap. Melo"
-3.73913194347869,-38.5163927078247,10,"R. Padre Valdevino"
-3.70851225680415,-38.5579776763916,13,"Av. Pasteur"
-3.71776251212236,-38.568127155304,12,"R. Ferreira dos Santos"
-3.75519079274992,-38.5605311393738,0,"R. Amazonas"
